Date,Description,Amount,REF,Available
02/04/2025,Interest,220.46,38803080140,49309.04
02/04/2025,Salary Deposit,1500.0,10002779889,50809.04
02/04/2025,ATM Withdrawal,197.84,44429174137,54947.86
03/04/2025,Credit Card Payment,1829.85,67326672941,9741.8
05/04/2025,Utility Payment,685.94,82711854951,12124.49
06/04/2025,Interest,1932.68,95668434044,3893.64
06/04/2025,Utility Payment,0.66,59641587591,20922.01
06/04/2025,Utility Payment,1159.73,21277050448,43807.0
06/04/2025,ATM Withdrawal,1291.05,43194643632,84879.84
07/04/2025,Salary Deposit,1500.0,43947805296,77845.62
07/04/2025,POS Purchase,1848.89,11711755550,98124.86
07/04/2025,Online Transfer,947.32,31622625512,100741.13
07/04/2025,POS Purchase,52.58,25538588819,109527.01
09/04/2025,Interest,314.96,75217297176,40997.71
10/04/2025,Interest,1817.64,39424792452,15936.55
10/04/2025,Salary Deposit,1500.0,89531967663,61383.5
10/04/2025,Credit Card Payment,1553.98,87908712438,88642.54
11/04/2025,Interest,888.76,97683973165,19421.35
11/04/2025,Online Transfer,809.4,82332037766,62192.9
11/04/2025,POS Purchase,1786.6,50475325029,64063.61
12/04/2025,Utility Payment,-382.07,89286083451,107686.17
14/04/2025,Credit Card Payment,1040.19,55568287692,73164.68
14/04/2025,ATM Withdrawal,472.29,47490002025,82600.17
15/04/2025,ATM Withdrawal,-224.07,82376871656,39697.35
15/04/2025,Online Transfer,748.11,38400766154,93118.45
16/04/2025,POS Purchase,1536.41,69399891718,82127.88
20/04/2025,Mobile Payment,1280.11,99178713286,68800.07
20/04/2025,Credit Card Payment,310.65,88759785159,89082.88
23/04/2025,Reversal,384.85,74590123448,80591.47
23/04/2025,Salary Deposit,1500.0,63257062516,91412.53
24/04/2025,Mobile Payment,253.53,58558333466,87088.56
26/04/2025,Utility Payment,1641.64,89443646309,5535.28
26/04/2025,Credit Card Payment,1423.52,21155546044,35526.76
27/04/2025,ATM Withdrawal,1294.23,72821482968,31687.85
27/04/2025,ATM Withdrawal,1395.5,11795106316,72124.49
28/04/2025,Credit Card Payment,1668.95,87902064378,99793.81
30/04/2025,Credit Card Payment,-386.86,11156364386,95773.07
30/04/2025,Credit Card Payment,241.78,71240306687,105592.56
01/05/2025,Utility Payment,1940.12,11328482264,30393.62
01/05/2025,Mobile Payment,1648.18,77851653612,102389.31
02/05/2025,Credit Card Payment,946.79,87949377922,6482.07
02/05/2025,Salary Deposit,1500.0,48872651861,20921.35
02/05/2025,Interest,1164.51,29721155011,40861.86
02/05/2025,Salary Deposit,1500.0,62590504574,56447.86
02/05/2025,Reversal,975.68,47753953160,108068.24
04/05/2025,Mobile Payment,312.13,56249763982,26953.5
04/05/2025,Salary Deposit,1500.0,68965670849,28453.5
04/05/2025,Credit Card Payment,-278.75,23378938938,108907.42
05/05/2025,Salary Deposit,1500.0,61590230464,83607.11
06/05/2025,Interest,1066.58,87850032829,23146.48
07/05/2025,Utility Payment,940.3,31552106023,54750.02
07/05/2025,Salary Deposit,1500.0,98570839727,109186.17
08/05/2025,Interest,-262.26,99314818907,56185.6
08/05/2025,POS Purchase,286.33,25239431457,86591.82
09/05/2025,POS Purchase,-48.47,97196528593,46672.22
10/05/2025,Online Transfer,1579.51,62699422055,34103.24
10/05/2025,Credit Card Payment,1768.51,45983189668,80206.62
10/05/2025,Online Transfer,129.69,57162545895,88772.23
10/05/2025,ATM Withdrawal,957.81,74058944375,92370.34
11/05/2025,Online Transfer,687.64,59958815888,76345.62
11/05/2025,Mobile Payment,895.27,75574528245,78438.11
16/05/2025,Salary Deposit,1500.0,63743307514,11438.55
16/05/2025,Interest,428.92,90299534826,69228.99
18/05/2025,Salary Deposit,1500.0,82678349530,107092.56
19/05/2025,Service Charge,-443.69,93650306249,77401.93
20/05/2025,Mobile Payment,1429.86,41554124287,25450.35
21/05/2025,Online Transfer,-18.32,80234793040,83588.79
23/05/2025,Interest,1994.42,43041240926,14118.91
23/05/2025,POS Purchase,1910.47,62898090589,58096.07
24/05/2025,Interest,20.88,59737355164,6502.95
24/05/2025,Mobile Payment,835.88,68459956445,32523.73
25/05/2025,Credit Card Payment,1590.63,91234829869,18532.59
25/05/2025,Interest,-302.53,89923451531,37027.24
25/05/2025,Credit Card Payment,1956.35,84130244787,66019.96
26/05/2025,Utility Payment,525.44,26776265721,96159.93
28/05/2025,Service Charge,266.0,36451522352,75657.98
28/05/2025,Service Charge,1425.65,73238043519,86305.49
29/05/2025,Mobile Payment,-342.11,70832066966,20579.9
30/05/2025,Interest,84.11,65512870019,62277.01
30/05/2025,Salary Deposit,1500.0,45243479796,70728.99
30/05/2025,ATM Withdrawal,502.9,30802823605,96275.97
02/06/2025,Salary Deposit,1500.0,22968322893,22079.9
02/06/2025,ATM Withdrawal,243.21,79261110541,86835.03
04/06/2025,Salary Deposit,1500.0,75424058944,95634.49
04/06/2025,Interest,102.37,41520836501,105350.78
05/06/2025,POS Purchase,874.01,54537258597,24020.49
06/06/2025,ATM Withdrawal,-91.0,49019935020,7911.95
06/06/2025,Service Charge,1500.68,62200955497,53809.72
06/06/2025,ATM Withdrawal,1016.04,73319223566,94134.49
08/06/2025,ATM Withdrawal,1279.65,36611402779,46720.69
08/06/2025,ATM Withdrawal,567.01,74016815810,109474.43
09/06/2025,Salary Deposit,1500.0,29371226157,8002.95
09/06/2025,Reversal,-389.64,16250807133,40472.22
09/06/2025,Interest,210.53,73292598670,40682.75
10/06/2025,POS Purchase,428.79,16242957289,9938.55
11/06/2025,Service Charge,1005.41,63659975985,16941.96
11/06/2025,Service Charge,1766.53,17687990509,74931.21
12/06/2025,POS Purchase,-232.04,65446059705,9509.76
12/06/2025,ATM Withdrawal,1191.02,44975624013,26641.37
14/06/2025,Credit Card Payment,1803.01,31985941849,37329.77
14/06/2025,ATM Withdrawal,1649.56,94761125452,42647.27
14/06/2025,Mobile Payment,1727.41,25382169937,104116.72
15/06/2025,Online Transfer,717.01,37014689338,38943.11
16/06/2025,Reversal,1634.04,14116331717,45441.04
16/06/2025,ATM Withdrawal,1397.38,29714150603,48069.6
16/06/2025,ATM Withdrawal,1018.98,44314091592,49088.58
18/06/2025,ATM Withdrawal,1943.52,34825245174,59883.5
19/06/2025,Service Charge,1198.86,61694736511,38226.1
22/06/2025,Salary Deposit,1500.0,29002858982,67519.96
23/06/2025,Salary Deposit,1500.0,70041799580,52309.04
23/06/2025,POS Purchase,829.65,54024240406,89912.53
24/06/2025,Reversal,460.77,76877925410,75391.98
25/06/2025,Service Charge,-493.06,72177916385,82107.11
27/06/2025,ATM Withdrawal,-156.09,75577083111,57939.98
30/06/2025,Utility Payment,978.31,19428996235,39921.42
30/06/2025,Credit Card Payment,1131.69,28285473370,105248.41
01/07/2025,Reversal,140.91,97134097412,77542.84
